"","ZStationary_back_butters","Zstationary_front_percent_butters","Zstationary_middle_percent_butters","Zmovement_percent_butters","Zlocomotion_percent_butters","Zself_groom_percent_butters","Zmouth_butters_percent","Ztouch_butters_percent","Zhanging_behaviors_butters","Zcrouching_butters","Zoral_exploration_butters","Ztactile_exploration_butters","Zstereotypy_butters","Zmo_manip_apple_butters","Zvigilant_percent_butters","Znonvigilant_percent_butters","Zstation_back_ffostare","Zstation_fr_ffostare","Zstation_mid_ffosta","Zlocomote_ffosta","Zmovement_ffosta","Ztac_expl_ffosta","Zself_gro_ffosta","Zstereo_ffosta","Zcrouching_ffosta","Zteethgrind_ffosta","Zlipsmack_ffosta","Zthreat_stranger_ffosta","Zno_response_ffosta","Ztouch_app_ffosta","Zmouth_app_ffosta","Zmanip_app_ffosta","Zeat_app_ffosta","Znonvigi_ffosta","Zvigi_ffosta","Zdir_eye_contact_ffosta","Zfreeze_back_ffosta","comp_1","comp_2","comp_3","comp_4","comp_2.2","comp_3.2"
"1",-1.20991825505337,-0.775037048593847,-0.559409468865338,0.649920979387004,-1.43634200971705,-0.263331095978994,-0.309798599212547,-0.559132153153989,-0.399129336181615,0.216320089130735,-0.661003815295148,-0.486843500904002,-0.520722990713588,-0.28348673026144,0.430770922570926,-0.383451345353828,1.17874450906198,-0.456782505377068,-0.275842921334906,-0.792719623479363,0.172705549175218,-0.142857142857143,-0.240099093040753,-0.209359479821211,-0.486368186346408,-0.200362681225226,0.443260128143902,-0.219872509045168,0.193721479092356,-0.211481366726998,-0.387095829760433,-0.319695898715805,-0.564144738072351,-0.383712716406384,-2.75387390239925,3.16729768734324,0.126191217733741,-3.32600258504398,-0.454906198486233,-3.89790008823723,-1.23413351048669,0.324241133996208,-4.67704742071967
"2",-0.873541238481725,0.2080829173084,-0.559409468865338,2.39355877951648,0.171704930317858,0.260056743759588,2.24232635975843,2.69870860946378,1.48782809466582,6.00833318017055,-0.661003815295148,1.76103367355957,-0.520722990713588,-0.28348673026144,-0.358006656998776,1.08170469920884,-1.52372547502435,-0.456782505377068,-0.275842921334906,-0.792719623479363,-0.692888683607642,-0.142857142857143,-0.240099093040753,-0.209359479821211,2.3720418161156,-0.200362681225226,-0.784091783763614,-0.219872509045168,1.02591785932924,-0.211481366726998,-0.387095829760433,-0.319695898715805,-0.564144738072351,-0.383712716406384,-0.318877817606181,0.368154010116964,-0.341826236639645,-2.47521086161471,-4.07779419994401,15.4694700435067,1.84137928822287,-2.84624630446351,14.2379221480262
"3",0.705947496035814,-0.196954688433693,-0.316232517246224,-0.536876823254694,-0.401621630213524,-0.263331095978994,-0.309798599212547,0.538694205592054,-0.399129336181615,-0.255968465119868,0.1392191179778,0.587425094174279,-0.520722990713588,-0.28348673026144,0.430770922570926,-0.383451345353828,1.22704529297732,-0.456782505377068,-0.275842921334906,-0.792719623479363,-0.692888683607642,-0.142857142857143,-0.240099093040753,-0.209359479821211,-0.486368186346408,-0.200362681225226,-0.784091783763614,-0.219872509045168,1.02591785932924,-0.211481366726998,-0.387095829760433,-0.319695898715805,-0.564144738072351,3.60098895569977,-1.04836961815256,-0.858275056927996,-0.341826236639645,-3.10765387569851,1.0412428821449,-1.34337706173976,-0.43391057721374,-0.0954755364618367,-0.206658643133017
"4",0.898418761579498,-0.106977045078967,-0.559409468865338,-0.536876823254694,-0.34856884428218,-0.263331095978994,-0.309798599212547,-0.559132153153989,-0.399129336181615,-0.255968465119868,-0.601795182786909,0.04968031842563,-0.520722990713588,-0.0058465526941965,-1.61118060121846,3.40947798640541,0.770260551555264,-0.456782505377068,-0.275842921334906,-0.139396143210412,1.0794664425765,-0.142857142857143,-0.240099093040753,-0.209359479821211,-0.486368186346408,-0.200362681225226,1.34117670893996,-0.219872509045168,-0.626145364423225,-0.211481366726998,-0.387095829760433,-0.291903538234832,1.29924839100688,0.904589178921189,-2.34188937994112,2.01478595312891,-0.341826236639645,3.06091118242752,-1.26502211752285,-1.50387943091286,-1.17492487797845,-0.55226027788389,-2.21664127055182
"5",1.19799045001614,-0.695114606661218,-0.559409468865338,-0.536876823254694,-0.516749036266112,0.202262995686764,-0.309798599212547,-0.559132153153989,-0.399129336181615,-0.24666892489457,0.466939101201949,-0.486843500904002,-0.520722990713588,-0.28348673026144,-0.0392747803794853,0.4896595552808,-0.106429347602244,-0.456782505377068,-0.275842921334906,1.16530747825364,2.9092360216672,-0.142857142857143,-0.240099093040753,-0.209359479821211,-0.486368186346408,-0.200362681225226,-0.101662094009978,-0.219872509045168,0.552265597423301,-0.211481366726998,-0.387095829760433,-0.319695898715805,-0.564144738072351,-0.383712716406384,-0.501186436914324,0.759846594798989,-0.341826236639645,-0.664225352066187,-0.27023450740474,-1.9834219785211,0.359403497676166,-1.4289501770414,-0.824706308884445
"6",-0.364751779095239,-0.175358646792892,-0.183693732719243,-0.536876823254694,1.57138199257848,-0.263331095978994,-0.309798599212547,-0.362860377111286,-0.399129336181615,-0.255968465119868,0.339865410649973,1.07988490173041,-0.520722990713588,0.353610122717075,0.430770922570926,-0.383451345353828,0.612091232395168,-0.304979846466672,0.146930221617061,-0.154174558958057,1.96470492665434,-0.142857142857143,-0.240099093040753,-0.209359479821211,-0.486368186346408,-0.200362681225226,-0.494139770692187,0.293095130749398,0.153902784352951,-0.211481366726998,-0.387095829760433,-0.182249886878444,0.0976763922651837,-0.383712716406384,-0.203557384817793,0.441769898576746,-0.341826236639645,2.40272210744568,-0.131442813773733,-2.25053844444382,-0.233264284541568,-0.197461957249419,-2.18451930096813
"7",0.703605191327708,-0.132759612827934,-0.559409468865338,1.27699553913451,-0.0431137435331344,-0.263331095978994,-0.309798599212547,-0.53718568128188,-0.399129336181615,-0.255968465119868,-0.661003815295148,0.233538750363103,-0.520722990713588,-0.28348673026144,0.430770922570926,-0.383451345353828,-1.52372547502435,-0.456782505377068,-0.275842921334906,4.22882837096316,-0.692888683607642,-0.142857142857143,-0.240099093040753,-0.209359479821211,-0.486368186346408,-0.200362681225226,-0.784091783763614,-0.219872509045168,1.02591785932924,-0.211481366726998,-0.387095829760433,-0.319695898715805,-0.564144738072351,-0.383712716406384,0.660583788204216,-0.48173772020281,-0.341826236639645,-1.93282562538685,-1.71187019056487,1.16776389573805,-1.23413351048669,-2.84624630446351,2.30214000963669
"8",0.0853113647425721,-0.291904396949052,-0.559409468865338,0.178185315412293,0.569001202896413,-0.263331095978994,0.413540071849352,1.49402532121902,-0.399129336181615,-0.255968465119868,0.79176077572941,-0.486843500904002,0.134674502081127,-0.28348673026144,0.430770922570926,-0.383451345353828,1.22704529297732,-0.456782505377068,-0.275842921334906,-0.792719623479363,-0.692888683607642,-0.142857142857143,-0.240099093040753,-0.209359479821211,-0.486368186346408,-0.200362681225226,-0.784091783763614,-0.219872509045168,1.02591785932924,-0.211481366726998,-0.387095829760433,-0.319695898715805,-0.564144738072351,-0.383712716406384,0.528616516422518,-0.34070353377793,3.44709591071464,-6.92160673824206,4.86492639100066,1.80905261861391,0.941969751599767,4.34884410368716,2.32513490592741
"9",1.96746350014388,-0.775037048593847,-0.559409468865338,-0.536876823254694,-1.37081967365567,-0.263331095978994,-0.309798599212547,-0.559132153153989,-0.399129336181615,-0.255968465119868,-0.661003815295148,-0.486843500904002,-0.520722990713588,-0.28348673026144,0.430770922570926,-0.383451345353828,1.22704529297732,-0.456782505377068,-0.275842921334906,-0.792719623479363,-0.692888683607642,-0.142857142857143,-0.240099093040753,-0.209359479821211,-0.486368186346408,-0.200362681225226,-0.663246023388547,-0.219872509045168,0.943980687929628,-0.211481366726998,-0.387095829760433,-0.319695898715805,-0.564144738072351,-0.383712716406384,0.678368788008605,-0.500747225308319,2.94688319973114,-8.90062554594946,5.59146832262376,-1.3744845458844,-1.23413351048669,3.19323389990895,1.02374987683041
"10",0.693447634484105,-0.405456253224499,-0.559409468865338,-0.536876823254694,0.351888562669085,-0.263331095978994,-0.309798599212547,0.0772466909871463,-0.399129336181615,-0.255968465119868,-0.661003815295148,-0.126692494976224,-0.520722990713588,3.41336335672181,0.430770922570926,-0.383451345353828,0.563710676127554,-0.456782505377068,-0.275842921334906,-0.228016422216334,-0.256387997329657,-0.142857142857143,-0.240099093040753,-0.209359479821211,-0.143830623701374,-0.200362681225226,-0.784091783763614,-0.219872509045168,0.938071601206052,-0.211481366726998,-0.387095829760433,-0.108159555494428,-0.564144738072351,-0.383712716406384,1.01291383858614,-0.858275056927996,-0.341826236639645,-2.38654957794603,0.365408403743431,0.302648620125077,-1.23413351048669,-0.758810153311599,1.42686717718011
"11",-0.816797122623706,-0.672553100836289,2.12334834766296,-0.536876823254694,0.899948486350337,-0.263331095978994,-0.309798599212547,-0.445824360158933,-0.399129336181615,-0.255968465119868,-0.661003815295148,-0.318423970070749,2.12894428584923,-0.28348673026144,0.430770922570926,-0.383451345353828,0.95985467596901,-0.456782505377068,-0.275842921334906,-0.304962606444776,-0.692888683607642,-0.142857142857143,-0.240099093040753,-0.209359479821211,-0.486368186346408,-0.200362681225226,-0.474717140169986,-0.219872509045168,-1.39157231143466,-0.211481366726998,-0.387095829760433,-0.266322805126046,2.12422528796768,-0.383712716406384,0.474336142784695,-0.282696117530806,-0.341826236639645,-0.142599910921447,1.90097492303989,-3.69827844971998,-1.23413351048669,2.28700112309267,-4.08430464977276
"12",1.61039179973151,-0.542359175050676,-0.559409468865338,2.27760264028754,-1.09170612829377,-0.263331095978994,0.142856552120477,4.14914736585895,-0.399129336181615,-0.255968465119868,-0.661003815295148,-0.486843500904002,-0.520722990713588,-0.28348673026144,0.430770922570926,-0.383451345353828,1.16107080687756,-0.456782505377068,-0.275842921334906,-0.672284824999851,-0.692888683607642,-0.142857142857143,-0.240099093040753,-0.209359479821211,-0.486368186346408,-0.200362681225226,-0.784091783763614,-0.219872509045168,1.02591785932924,-0.211481366726998,-0.387095829760433,-0.319695898715805,-0.564144738072351,0.687888829671479,-0.178265472185565,-0.443733517785447,-0.341826236639645,-7.49330770888238,1.87971269974084,5.60625522141939,-0.781478359153665,-0.161450022561589,7.64741794372182
"13",-1.18515908858998,1.3420082882546,-0.559409468865338,-0.536876823254694,1.53746759759023,-0.263331095978994,-0.309798599212547,-0.559132153153989,-0.399129336181615,-0.255968465119868,0.0525745987548095,-0.486843500904002,-0.520722990713588,-0.28348673026144,0.430770922570926,-0.383451345353828,-1.1709253701743,1.62959555044748,0.204670622824958,2.02530783087785,-0.692888683607642,-0.142857142857143,-0.240099093040753,-0.209359479821211,-0.486368186346408,-0.200362681225226,-0.665643824818631,-0.219872509045168,-1.67213125773121,-0.211481366726998,-0.387095829760433,-0.0861586030407448,2.39028381762755,-0.383712716406384,0.800894273583634,-0.63168884265729,-0.341826236639645,2.44720721223397,-3.24783436563251,-1.75102566912177,-0.520555096436731,-2.49344619961345,-2.50541383514083
"14",-1.20405438280973,-0.205001060941704,0.0104958348203751,-0.536876823254694,2.54541001798327,-0.263331095978994,1.14404404048576,-0.362527778633657,3.10867605655459,-0.255968465119868,-0.366131656909356,-0.486843500904002,-0.520722990713588,-0.28348673026144,0.430770922570926,-0.383451345353828,-0.101466957136769,-0.0316601909257566,-0.275842921334906,0.969868830309936,2.94001612331986,-0.142857142857143,-0.240099093040753,-0.209359479821211,-0.486368186346408,6.53050998935933,-0.743409365491036,-0.219872509045168,-1.34711887971838,1.16014262983543,-0.387095829760433,-0.148889463741571,2.00415874725937,0.755970601869871,0.270560820874594,-0.694983170089274,-0.341826236639645,16.6208210361253,-2.19727124681473,-3.30675171849395,0.514581287597408,-1.42398778657592,-4.08003517873275
"15",-1.04834691977741,-0.355792896213157,0.628393364468882,-0.536876823254694,0.564820352905971,6.1885584855928,5.81133356085902,1.18001368409564,-0.399129336181615,-0.255968465119868,4.20288870233916,-0.486843500904002,0.70126169458813,-0.28348673026144,0.306995364328875,-0.153537142491241,0.802543597288531,-0.456782505377068,-0.275842921334906,-0.152110702732341,0.625716279728524,-0.142857142857143,-0.240099093040753,-0.209359479821211,-0.486368186346408,-0.200362681225226,0.691467890756787,-0.219872509045168,0.0254261437535992,-0.211481366726998,-0.387095829760433,-0.319695898715805,-0.564144738072351,-0.383712716406384,-0.533317211463543,0.794184810587018,0.820462946794251,-1.16832285192974,1.12294508113645,-1.11642089703967,16.202780748791,1.86429663658499,-1.85777245248821
"16",-0.833238674231301,-0.286672998358429,-0.178498065019562,-0.536876823254694,2.79971021865189,-0.263331095978994,-0.309798599212547,-0.559132153153989,-0.399129336181615,-0.255968465119868,-0.661003815295148,-0.486843500904002,-0.520722990713588,4.13172309180254,0.430770922570926,-0.383451345353828,-0.471250320708466,0.61558811506038,-0.275842921334906,1.56958226419022,-0.692888683607642,-0.142857142857143,-0.240099093040753,-0.209359479821211,-0.486368186346408,-0.200362681225226,2.1292389489635,0.96461124081608,-1.39774113823399,-0.211481366726998,-0.387095829760433,-0.195721886827087,-0.170100051757887,-0.383712716406384,-1.15278844978094,1.45621482244484,-0.341826236639645,8.76816379868328,-1.01175515194675,-5.05899955960215,-1.23413351048669,-0.609287400286371,-5.46146731126253
"17",-0.499385636971164,-0.138624770052698,0.113766690747257,2.05733133017468,0.413622113449005,-0.263331095978994,0.33476139674792,-0.559132153153989,-0.399129336181615,-0.255968465119868,0.364560906196935,-0.278459353905187,1.0392998408565,0.350678218941542,0.430770922570926,-0.383451345353828,0.501664290684509,-0.162227202822522,-0.275842921334906,-0.163916362067275,-0.518597097431728,-0.142857142857143,-0.240099093040753,-0.209359479821211,-0.486368186346408,-0.200362681225226,-0.116290717812088,-0.219872509045168,0.453542723627594,-0.211481366726998,0.0364617905394243,-0.0509432666239727,-0.564144738072351,0.0052439869217948,0.811706801288861,-0.858275056927996,-0.341826236639645,-3.2321139232112,0.670551578415208,1.49903593506434,0.435991206965861,0.739166292815446,1.43042122066411
"18",-0.822188965317436,-0.11396799083702,0.638630500332227,0.148830205626491,0.223806022764536,-0.263331095978994,-0.309798599212547,0.142521075933919,-0.399129336181615,0.0917635964963453,-0.0875527374503379,-0.133768533231996,2.08836778787242,-0.28348673026144,0.430770922570926,-0.383451345353828,0.184280359472476,-0.456782505377068,-0.0842897447963165,-0.650531981242726,-0.521970880514861,-0.142857142857143,-0.240099093040753,-0.209359479821211,0.478273729234457,-0.200362681225226,-0.784091783763614,-0.219872509045168,-1.49756087272464,-0.211481366726998,3.35111592781241,-0.272633419473235,2.20004093616124,-0.383712716406384,0.802735124982418,-0.633655106114858,-0.341826236639645,1.04547997907572,1.07943226587282,-0.330856476641853,-0.660682432641879,1.47085030861933,-0.722274519388363
"19",0.308365603254842,1.5131884554144,-0.559409468865338,-0.536876823254694,-1.06213101550612,-0.263331095978994,-0.309798599212547,-0.559132153153989,-0.399129336181615,-0.255968465119868,-0.661003815295148,-0.486843500904002,-0.520722990713588,-0.28348673026144,0.269381239670432,-0.0836738542329937,1.22704529297732,-0.456782505377068,-0.275842921334906,-0.792719623479363,-0.692888683607642,-0.142857142857143,-0.240099093040753,-0.209359479821211,-0.486368186346408,-0.200362681225226,-0.784091783763614,-0.219872509045168,1.02591785932924,-0.211481366726998,-0.387095829760433,-0.319695898715805,-0.564144738072351,-0.383712716406384,1.01291383858614,-0.858275056927996,2.20182310189159,-9.07031047979465,3.02592064499467,1.63000067122183,-1.23413351048669,2.4481738020694,2.20774751414711
"20",1.0258440307277,-0.775037048593847,-0.559409468865338,-0.536876823254694,-0.0261647977166195,-0.152117064146546,-0.309798599212547,-0.559132153153989,-0.399129336181615,-0.255968465119868,0.741339731662904,-0.486843500904002,-0.520722990713588,-0.28348673026144,0.430770922570926,-0.383451345353828,0.271091934139841,-0.148218724910401,-0.275842921334906,0.471455084121543,0.0249373994090032,-0.142857142857143,3.25353776020218,-0.209359479821211,-0.486368186346408,-0.200362681225226,0.380272450370769,1.41436102397903,0.114446643469296,-0.211481366726998,-0.387095829760433,-0.299626284314671,-0.564144738072351,0.130621779154229,-1.53964436094061,1.58530176363844,-0.341826236639645,-1.60143452625837,5.53305644426644,-4.42203173929395,0.279424068303811,4.07644149096781,-2.96541678599532
"21",-1.09707367050366,3.19848886390516,-0.559409468865338,-0.536876823254694,-0.523619933158299,-0.263331095978994,-0.309798599212547,-0.559132153153989,-0.399129336181615,-0.255968465119868,-0.661003815295148,-0.486843500904002,-0.520722990713588,-0.28348673026144,-2.38005464145654,4.83766316400223,-0.464180839834701,-0.0212237033964986,-0.275842921334906,-0.593393293078362,0.263744453294596,-0.142857142857143,-0.240099093040753,-0.209359479821211,0.931491785584822,-0.200362681225226,-0.784091783763614,-0.219872509045168,1.02591785932924,-0.211481366726998,-0.387095829760433,-0.319695898715805,-0.564144738072351,-0.383712716406384,1.01291383858614,-0.858275056927996,-0.341826236639645,-6.94028112816303,-5.26382998123405,9.65449806987905,-1.23413351048669,-1.78670166927385,6.17736975791885
"22",-0.262322988861105,-0.668335917093958,-0.190012582224479,-0.241055844556113,-0.163610241152396,-0.263331095978994,-0.309798599212547,-0.559132153153989,-0.399129336181615,-0.255968465119868,3.40953257136616,1.52943937856787,0.94463441621829,-0.28348673026144,0.430770922570926,-0.383451345353828,-0.801851705460746,0.0419330270726491,-0.275842921334906,0.727117157162595,-0.109511109955947,-0.142857142857143,-0.240099093040753,1.69027246725134,-0.300317709378159,-0.200362681225226,-0.120608276719312,0.206016414081983,0.546429562596033,-0.211481366726998,-0.387095829760433,-0.319695898715805,-0.564144738072351,-0.100692666398346,-0.0207143247809709,0.0898997018330953,-0.341826236639645,0.610130210301153,-0.0646782711310497,-1.88254619684085,2.83640287617462,-0.23312620484087,-1.71409826313103
"23",1.74425354054299,-0.775037048593847,-0.559409468865338,-0.536876823254694,-1.2275523966082,-0.263331095978994,-0.309798599212547,-0.559132153153989,-0.399129336181615,0.60671694090098,-0.661003815295148,-0.486843500904002,-0.520722990713588,-0.28348673026144,0.430770922570926,-0.383451345353828,-1.52372547502435,-0.456782505377068,-0.275842921334906,-0.792719623479363,-0.692888683607642,-0.142857142857143,-0.240099093040753,-0.209359479821211,2.3720418161156,-0.200362681225226,-0.784091783763614,-0.219872509045168,1.02591785932924,-0.211481366726998,-0.387095829760433,-0.319695898715805,-0.564144738072351,-0.383712716406384,0.891432491842144,-0.858275056927996,-0.341826236639645,-9.23573186089673,-0.671221841349594,2.64161173783161,-1.23413351048669,-2.84624630446351,4.81663620094552
"24",0.62867090580438,-0.204704536283382,0.988958520276822,-0.536876823254694,-0.0987465539980537,-0.263331095978994,-0.309798599212547,0.235308316344097,-0.399129336181615,-0.130516590924484,0.291813129516931,-0.486843500904002,-0.520722990713588,-0.28348673026144,-0.24611636799261,0.873868247576077,-1.52372547502435,-0.456782505377068,-0.275842921334906,-0.792719623479363,-0.692888683607642,-0.142857142857143,-0.240099093040753,-0.209359479821211,2.3720418161156,-0.200362681225226,-0.784091783763614,-0.219872509045168,1.02591785932924,-0.211481366726998,-0.387095829760433,-0.319695898715805,-0.564144738072351,-0.383712716406384,1.01291383858614,-0.858275056927996,0.76390596830873,-6.55855802914443,-1.35795956170336,4.64795212748859,-0.28131656567461,-1.74051409951513,5.03050666530036
"25",0.722593431572233,-0.775037048593847,-0.559409468865338,-0.536876823254694,0.72008941998521,-0.263331095978994,-0.309798599212547,-0.559132153153989,-0.399129336181615,-0.255968465119868,-0.542425402618501,-0.486843500904002,-0.520722990713588,-0.28348673026144,0.430770922570926,-0.383451345353828,0.961285076768371,-0.456782505377068,-0.275842921334906,-0.363780500258481,-0.1411292348759,-0.142857142857143,-0.240099093040753,-0.209359479821211,-0.486368186346408,-0.200362681225226,-0.701816349304754,-0.219872509045168,0.970130561182081,-0.211481366726998,-0.387095829760433,-0.319695898715805,-0.564144738072351,-0.383712716406384,1.01291383858614,-0.858275056927996,-0.341826236639645,-6.22511603789184,0.792128601472377,-1.01378962205441,-1.11555509781004,-0.361235752670782,0.139574732088747
"26",-1.12340643100951,-0.458153710849886,-0.0861739483763998,-0.536876823254694,-0.030191616391624,-0.263331095978994,-0.309798599212547,-0.559132153153989,-0.399129336181615,-0.255968465119868,0.256993293222672,0.460410896104995,2.03314955782705,-0.28348673026144,-3.95503511015327,-0.383451345353828,0.98218268229288,-0.456782505377068,-0.275842921334906,-0.52148924519114,-0.172264264030004,-0.142857142857143,-0.240099093040753,-0.209359479821211,-0.486368186346408,0.105005332208424,-0.471028859487965,-0.219872509045168,-1.32864486682984,-0.211481366726998,0.61060160719138,5.25784655634875,-0.564144738072351,4.39066863744451,-1.57931173946927,-0.727419113242319,-0.341826236639645,6.27288176194588,-2.86490713976843,-5.58790729037778,-0.316136401968869,2.21353440139436,-10.6663488315406
"27",1.23420209150075,-0.741017377645627,-0.559409468865338,-0.536876823254694,-0.821290951359351,-0.263331095978994,-0.309798599212547,-0.559132153153989,1.21351128113148,-0.255968465119868,0.980682670708594,-0.486843500904002,-0.327848167831495,-0.28348673026144,0.225621429097306,-0.00238739785238096,-1.10654633111999,4.93399678655005,-0.275842921334906,-0.539857063445212,1.78941017733199,-0.142857142857143,-0.240099093040753,-0.209359479821211,-0.486368186346408,-0.200362681225226,2.00891791963862,-0.219872509045168,-0.86786056117725,-0.211481366726998,-0.387095829760433,-0.319695898715805,-0.564144738072351,-0.383712716406384,-1.33236053461724,1.64812382822276,-0.341826236639645,6.2085195031191,-0.776368817078994,-4.78197149916746,0.407552975517054,-2.23619233767705,-3.3221479785694
"28",0.402622280525375,0.0789238123219118,0.950094526106634,-0.536876823254694,-0.198558846401445,-0.263331095978994,0.116325745958995,1.65320849958193,-0.399129336181615,-0.255968465119868,-0.0548713133139188,-0.486843500904002,-0.30218788538462,-0.28348673026144,0.430770922570926,-0.383451345353828,0.196612064825428,-0.456782505377068,-0.275842921334906,0.124295385073753,0.0140135196424589,-0.142857142857143,-0.240099093040753,-0.209359479821211,0.0214026249009447,-0.200362681225226,1.46157355491849,-0.219872509045168,-0.496737988552394,-0.211481366726998,-0.387095829760433,-0.319695898715805,-0.564144738072351,-0.383712716406384,-1.30276835352925,1.61649861177236,-0.341826236639645,-0.35287809653233,-0.0739804561884566,-1.22226803900525,-0.201876663333918,-0.907373659284758,-0.388874835908947
"29",-0.860629364883022,-0.438839401325661,0.959441683166424,-0.536876823254694,0.862540881172699,-0.263331095978994,-0.309798599212547,1.02209708714464,-0.399129336181615,-0.255968465119868,-0.523897467519882,-0.486843500904002,1.17422806808709,-0.28348673026144,0.430770922570926,-0.383451345353828,0.80825694817367,-0.456782505377068,-0.275842921334906,-0.028219070613455,-0.692888683607642,-0.142857142857143,-0.240099093040753,-0.209359479821211,-0.486368186346408,-0.200362681225226,-0.784091783763614,-0.219872509045168,-1.28604749440494,-0.211481366726998,2.43825565701702,0.21162110894082,1.7508908429656,-0.383712716406384,1.01291383858614,-0.858275056927996,-0.341826236639645,0.809417197253864,0.750828735223102,-1.35254079007462,-1.09702716271142,1.1806871775352,-1.78239923238672
"30",0.517752072050696,-0.416723687656547,-0.559409468865338,-0.536876823254694,-0.553281963616802,-0.263331095978994,-0.309798599212547,-0.559132153153989,-0.399129336181615,-0.255968465119868,-0.587352254410503,-0.486843500904002,1.24145298897175,-0.28348673026144,0.430770922570926,-0.383451345353828,-1.52372547502435,0.549584738118597,1.89261995787924,2.06284390213631,-0.692888683607642,-0.142857142857143,-0.240099093040753,6.37874570961621,-0.425979129906394,-0.200362681225226,-0.525327988657585,-0.219872509045168,-1.06919429302772,-0.211481366726998,2.77652615719948,0.0607470104512905,1.39537476554463,-0.383712716406384,0.91998548262437,-0.758960771428513,-0.341826236639645,9.91869989020708,-0.135547330156541,-2.72734041484867,-1.16048194960204,-1.08407032477816,-1.77881742022705
"31",0.871654199471633,-0.775037048593847,0.467264367821088,-0.536876823254694,-0.951016125220672,2.40824404401293,-0.309798599212547,-0.559132153153989,2.48991067008677,-0.255968465119868,-0.321977067512286,-0.385397531444619,-0.520722990713588,-0.28348673026144,0.430770922570926,-0.383451345353828,-0.443723357633073,-0.456782505377068,0.313490571177324,1.08835225523881,-0.377718484832355,-0.142857142857143,-0.240099093040753,1.56151789490817,-0.486368186346408,1.78233254424596,0.888120328895243,-0.219872509045168,-0.181824791697814,0.673977465773185,0.156007226452361,-0.319695898715805,-0.564144738072351,-0.383712716406384,0.223391478043367,-0.0145111089328158,-0.341826236639645,5.54165034247826,-0.463819065029667,-2.95526733547708,1.77646837728809,-1.76624418707223,-1.65284221343452
"32",-0.625273160369173,0.341182282161396,0.73357267761622,3.86375476866371,0.067717289042434,-0.0901514806650849,-0.309798599212547,-0.559132153153989,-0.399129336181615,2.92996537369634,0.417471761550666,0.658701643692854,-0.520722990713588,-0.28348673026144,0.430770922570926,-0.383451345353828,-1.52372547502435,-0.456782505377068,-0.275842921334906,-0.792719623479363,-0.692888683607642,-0.142857142857143,-0.240099093040753,-0.209359479821211,2.3720418161156,-0.200362681225226,-0.784091783763614,-0.219872509045168,1.02591785932924,-0.211481366726998,-0.387095829760433,-0.319695898715805,-0.564144738072351,-0.383712716406384,1.01291383858614,-0.858275056927996,-0.341826236639645,-5.50193488416769,-3.04074854226175,10.6031924400446,0.0175216816730348,-2.84624630446351,10.4086902022464
"33",0.531439306903191,-0.47327043741428,-0.559409468865338,0.025872207515448,0.368716483880614,-0.263331095978994,-0.309798599212547,-0.559132153153989,-0.399129336181615,-0.196541801268447,0.943206622425171,0.211880097260686,-0.520722990713588,-0.28348673026144,0.430770922570926,-0.383451345353828,0.0141754459500209,-0.0447740293671142,-0.275842921334906,0.40275026446158,1.41608560040061,-0.142857142857143,-0.240099093040753,-0.209359479821211,-0.190211184401322,-0.200362681225226,1.99846719248703,-0.219872509045168,-1.35213510993153,-0.211481366726998,0.0312837261067304,3.18257843964077,0.425967061200266,-0.383712716406384,-0.420085056337218,0.673173405433517,-0.341826236639645,6.00048639782443,-0.346135154015016,-3.54895488034516,0.370076927233631,-1.30834538348913,-2.58674465087105
"34",0.543348725993854,-0.0305943034320301,3.213658048426,-0.0224799259369167,-0.314874494030264,-0.263331095978994,1.91330476513791,0.976082474507078,-0.399129336181615,-0.255968465119868,-0.0985237641222002,-0.486843500904002,-0.520722990713588,-0.28348673026144,0.430770922570926,-0.383451345353828,0.125295581894216,0.334915048469798,0.104155293165838,0.343626558375014,1.5869191082118,-0.142857142857143,-0.240099093040753,-0.209359479821211,-0.486368186346408,-0.200362681225226,2.52959477402883,-0.219872509045168,0.796120944176569,-0.211481366726998,0.616430882947786,0.188188739389863,-0.564144738072351,-0.383712716406384,0.0514203280149579,0.1692747643254,-0.341826236639645,5.89051103085369,-0.223105598980157,0.644761520509554,1.55144990503671,-1.19722524754494,1.61888116907433
"35",-0.761269577770589,0.617312075000324,-0.559409468865338,0.804119535403553,0.918052667032632,-0.263331095978994,-0.309798599212547,-0.559132153153989,-0.399129336181615,-0.20813798107496,1.14017872234339,2.15631996092051,-0.520722990713588,-0.28348673026144,0.430770922570926,-0.383451345353828,-1.40332946497338,-0.456782505377068,-0.275842921334906,-0.792719623479363,0.607368499723525,-0.142857142857143,-0.240099093040753,-0.209359479821211,2.1715386464929,-0.200362681225226,-0.784091783763614,-0.219872509045168,1.02591785932924,-0.211481366726998,-0.387095829760433,-0.319695898715805,-0.564144738072351,-0.383712716406384,0.345936757719457,-0.145475466822044,-0.341826236639645,-2.43390656199427,-3.0563489496122,3.8141033943627,0.567049027151844,-2.72585029441253,3.48360473916304
"36",-1.09658250023661,-0.659689961675138,-0.559409468865338,-0.536876823254694,-0.352782700983073,-0.0903668391643177,-0.309798599212547,-0.559132153153989,-0.399129336181615,-0.255968465119868,-0.535584017210076,-0.486843500904002,3.66956505789194,-0.28348673026144,0.430770922570926,-0.383451345353828,1.07080701489636,-0.287129380941521,-0.275842921334906,-0.624251207659011,-0.692888683607642,-0.142857142857143,-0.240099093040753,-0.209359479821211,-0.486368186346408,-0.200362681225226,-0.30379328296139,6.54683863164682,0.229676540204808,-0.211481366726998,-0.387095829760433,-0.319695898715805,-0.564144738072351,-0.383712716406384,-0.517665026048608,0.777457292253807,4.05033959369098,-5.90680977503168,14.4316396274197,-3.16947542074773,-0.935749455586941,15.0974512050853,-3.83528699841341
"37",-0.545599114210743,0.564957882360756,-0.150428514295052,-0.536876823254694,0.691709150115882,-0.263331095978994,-0.309798599212547,-0.559132153153989,-0.399129336181615,-0.255968465119868,-0.299458810953617,-0.486843500904002,-0.169571593137324,-0.28348673026144,0.430770922570926,-0.383451345353828,0.924771345593917,-0.456782505377068,-0.275842921334906,-0.55540076310721,-0.692888683607642,-0.142857142857143,5.38088954606692,-0.209359479821211,-0.486368186346408,-0.200362681225226,1.35165536854289,-0.219872509045168,-0.422208820563561,-0.211481366726998,-0.387095829760433,-0.319695898715805,-0.564144738072351,-0.383712716406384,1.01291383858614,-0.858275056927996,-0.341826236639645,-4.53442334692371,5.45956236119888,-1.06613407284545,-0.872588506145158,5.5743905528387,-1.18096226448527
"38",1.93653015472588,-0.775037048593847,-0.559409468865338,-0.536876823254694,-1.48410420504141,0.918512413108127,-0.309798599212547,-0.559132153153989,-0.399129336181615,-0.255968465119868,-0.661003815295148,-0.486843500904002,-0.520722990713588,-0.28348673026144,0.430770922570926,-0.383451345353828,1.22704529297732,-0.456782505377068,-0.275842921334906,-0.792719623479363,-0.692888683607642,-0.142857142857143,-0.240099093040753,-0.209359479821211,-0.486368186346408,-0.200362681225226,-0.784091783763614,-0.219872509045168,1.02591785932924,-0.211481366726998,-0.387095829760433,-0.319695898715805,-0.564144738072351,-0.383712716406384,1.01291383858614,-0.858275056927996,-0.341826236639645,-9.49228366932995,2.27182554083497,-0.958002323907248,-0.0522900013995677,-0.0954755364618367,1.40929875338956
"39",1.50570180952293,-0.656594545792763,-0.559409468865338,-0.0964141132012904,-1.0122771299293,0.238901399745691,-0.309798599212547,-0.559132153153989,-0.399129336181615,0.525808382707852,-0.661003815295148,-0.486843500904002,-0.520722990713588,-0.28348673026144,0.430770922570926,-0.383451345353828,0.462985702915637,-0.207941382500742,-0.275842921334906,-0.248268325277921,1.69214525329152,-0.142857142857143,-0.240099093040753,-0.209359479821211,-0.23810069974157,0.598472789321469,0.659225861209311,0.0295954476689165,-0.0213189530061144,-0.211481366726998,-0.387095829760433,-0.319695898715805,-0.564144738072351,-0.383712716406384,-1.81110561143291,2.15975954151598,-0.341826236639645,-0.58194252227731,1.32640556228442,-3.24030903897462,-0.731901014762003,-0.610067169809432,-1.30383630688077
"40",-1.14315867784512,1.06634589869065,-0.559409468865338,-0.536876823254694,-0.287830995934195,0.38601204525082,-0.309798599212547,0.0108971621243168,-0.399129336181615,-0.255968465119868,-0.537078034492766,-0.313720383669879,2.39927912577167,-0.28348673026144,0.0775158132546883,0.272720777299154,-0.642928675110218,0.499087958855231,6.16839689211871,0.225318887625948,0.0753173864189685,-0.142857142857143,-0.240099093040753,-0.209359479821211,-0.486368186346408,-0.200362681225226,0.798672639002146,-0.219872509045168,-1.42513559934947,-0.211481366726998,-0.387095829760433,2.58355937763189,0.648957877289625,-0.383712716406384,0.375613063736963,-0.17719058773392,-0.341826236639645,7.44367429949873,-0.111090252654539,-0.978772172219355,-0.460864588454493,0.95455261193589,-2.04441503680978
"41",1.44310193189464,-0.658176680749366,-0.559409468865338,-0.536876823254694,-0.635408160336943,-0.263331095978994,-0.309798599212547,2.09923852777907,-0.399129336181615,-0.255968465119868,-0.507796731365938,-0.486843500904002,-0.520722990713588,-0.28348673026144,0.121889289969075,0.19030030180712,1.14582053373976,-0.456782505377068,-0.275842921334906,-0.792719623479363,-0.692888683607642,-0.142857142857143,2.41013097360553,-0.209359479821211,-0.486368186346408,-0.200362681225226,2.10965431022352,-0.219872509045168,-0.936164084225173,-0.211481366726998,-0.387095829760433,-0.319695898715805,-0.564144738072351,-0.383712716406384,0.886325613768096,-0.72298946754017,-0.341826236639645,-5.61455594125051,4.03852099281061,0.302310203658771,-1.08092642655748,2.47352977094689,1.86730142552249
"42",-0.952521676957893,1.87677794493316,-0.559409468865338,-0.536876823254694,-0.353222790455751,-0.263331095978994,-0.309798599212547,0.77687919095225,-0.399129336181615,-0.255968465119868,-0.661003815295148,-0.486843500904002,0.949332004600221,-0.28348673026144,0.430770922570926,-0.383451345353828,-1.52372547502435,-0.456782505377068,-0.275842921334906,-0.792719623479363,-0.692888683607642,-0.142857142857143,-0.240099093040753,-0.209359479821211,2.3720418161156,-0.200362681225226,-0.784091783763614,-0.219872509045168,1.02591785932924,-0.211481366726998,-0.387095829760433,-0.319695898715805,-0.564144738072351,-0.383712716406384,1.01291383858614,-0.858275056927996,-0.341826236639645,-8.36140225474429,-1.89794206353666,5.888234016188,-1.23413351048669,-1.3761913091497,5.36648326180103
"43",-0.475764694339969,0.662941691490161,4.26427564639949,1.90075058712946,-0.108824602922382,-0.263331095978994,-0.309798599212547,0.444826020129583,3.93149312780825,-0.255968465119868,-0.215412426612055,2.38551186397838,-0.520722990713588,-0.28348673026144,-0.974344050874255,2.22655272926985,-0.22134829797705,2.69202005670343,-0.275842921334906,-0.355627012779904,-0.298974860908698,-0.142857142857143,-0.240099093040753,-0.209359479821211,-0.486368186346408,-0.200362681225226,-0.272772300572519,-0.219872509045168,-1.44883390507434,1.13234973415918,3.87961776235867,-0.178381737899602,1.68023201105371,2.61933723454554,-0.540561852452309,-0.858275056927996,-0.341826236639645,19.4000729094956,-2.99397787263043,2.50333861902612,-0.788542121803595,-1.5438691274162,1.0532298738119
"44",-0.658318473051683,2.30434639886601,-0.559409468865338,-0.536876823254694,-0.44968490174838,-0.263331095978994,-0.309798599212547,-0.559132153153989,1.59971471959372,-0.255968465119868,-0.661003815295148,-0.486843500904002,-0.520722990713588,-0.28348673026144,-0.144762185161764,0.685602635745001,1.22704529297732,-0.456782505377068,-0.275842921334906,-0.792719623479363,-0.692888683607642,-0.142857142857143,-0.240099093040753,-0.209359479821211,-0.486368186346408,-0.200362681225226,-0.784091783763614,-0.219872509045168,1.02591785932924,-0.211481366726998,-0.387095829760433,-0.319695898715805,-0.564144738072351,-0.383712716406384,0.0932650576604526,0.124555227485175,-0.341826236639645,-5.47619002584841,-0.898556194675284,2.27078632372575,-1.23413351048669,-0.0954755364618367,1.4677056655123
"45",-0.817870949297367,3.44630809063689,-0.559409468865338,0.659449727501701,-1.38087296754716,-0.263331095978994,-0.309798599212547,-0.559132153153989,-0.399129336181615,0.0450879488766586,-0.661003815295148,-0.486843500904002,-0.520722990713588,-0.28348673026144,0.346608416197453,-0.227115118629621,-1.52372547502435,-0.456782505377068,-0.275842921334906,-0.792719623479363,-0.692888683607642,-0.142857142857143,-0.240099093040753,-0.209359479821211,2.3720418161156,-0.200362681225226,-0.784091783763614,-0.219872509045168,1.02591785932924,-0.211481366726998,-0.387095829760433,-0.319695898715805,-0.564144738072351,-0.383712716406384,1.01291383858614,-0.858275056927996,-0.341826236639645,-9.38905243183569,-3.31750883756342,7.77547200926262,-1.23413351048669,-2.84624630446351,7.3042094761627
"46",-1.16566913446304,-0.718204831029459,-0.110005391482915,1.35144374318295,2.69335709646082,-0.263331095978994,-0.309798599212547,-0.559132153153989,-0.399129336181615,-0.171297004381875,1.37394103863233,4.73469428953034,-0.520722990713588,-0.28348673026144,0.430770922570926,-0.383451345353828,-1.2158509583573,2.106417956142,-0.275842921334906,0.368016216984022,1.5399552984032,-0.142857142857143,-0.240099093040753,-0.209359479821211,-0.486368186346408,-0.200362681225226,-0.283841532003793,-0.219872509045168,0.686727082268325,-0.211481366726998,-0.387095829760433,-0.319695898715805,-0.564144738072351,-0.383712716406384,-0.959553486686464,1.24970427442286,-0.341826236639645,8.92112936709302,-3.27326999968857,-1.23983618150075,0.80081134344079,-2.53837178779645,-1.97473439339286
"47",-0.388762024448004,-0.429958739101017,0.847980166699879,-0.536876823254694,0.0373346120724204,-0.263331095978994,0.273451475584007,-0.230493917863256,1.85589124977967,-0.255968465119868,1.18737811831003,-0.398644818770711,-0.520722990713588,-0.28348673026144,-3.00122014394341,-0.383451345353828,-0.685986489941748,1.35030895611991,1.78167072011316,0.90745601028701,-0.692888683607642,6.85714285714286,-0.240099093040753,-0.209359479821211,-0.486368186346408,-0.200362681225226,-0.269464300263749,-0.219872509045168,-1.2224517602302,-0.211481366726998,-0.387095829760433,-0.0458176597490283,1.86048701831536,0.519005474451681,-0.410653167181079,0.164039151568562,-0.341826236639645,13.4827146663641,-5.39848948777231,-3.95622240445035,1.19749849791504,-2.0085073193809,-7.34620457284176
"48",-1.17622767310986,-0.775037048593847,-0.559409468865338,-0.536876823254694,-0.453926264041315,-0.263331095978994,-0.309798599212547,0.0956981716472396,-0.399129336181615,-0.255968465119868,-0.661003815295148,-0.486843500904002,-0.520722990713588,3.94640116375315,0.321263102113183,-0.180039496004279,-0.163928708965783,0.0542989002142241,0.217155824396421,0.481272210450678,-0.0625473001473426,-0.142857142857143,-0.240099093040753,-0.209359479821211,-0.486368186346408,-0.200362681225226,1.33690703423504,-0.219872509045168,-0.67404305776913,6.55019167294712,1.20043662303161,0.0798199754515603,-0.564144738072351,1.06746121116087,-0.86812948240542,0.349734172508816,-0.341826236639645,12.2050988760339,-2.34141410940161,-3.68076438784641,-1.23413351048669,-1.48644953840494,-4.53572895884308
"49",0.729175891756094,-0.146806840285704,0.93862950504908,-0.0478071310912798,-0.309384377858605,-0.263331095978994,-0.309798599212547,-0.559132153153989,0.677277583825892,-0.255968465119868,-0.583424545293005,0.225047743976808,-0.520722990713588,-0.28348673026144,-2.74394963872199,-0.383451345353828,0.129773836704523,-0.352899976487567,0.0130735735649317,1.02507572896084,-0.306201086247045,-0.142857142857143,-0.240099093040753,-0.209359479821211,-0.486368186346408,-0.200362681225226,0.193208823742534,-0.219872509045168,-1.32833913111566,-0.211481366726998,-0.387095829760433,-0.166372037692935,2.03762273563309,-0.383712716406384,0.377453915135749,-0.179157908891035,-0.341826236639645,1.97756436051715,-3.20752073970052,-2.83041933733099,-1.15655424048455,-1.19274699273463,-4.84519308429688
